PRENOM;NOM;DISPLAYNAME;COMPTE;UPN;VILLE;SERVICE;FONCTION;TELEPHONE;SOCIETE;MANAGER
MICA;Sophie;MICA Sophie;smica;s.mica@Formation.local;Marseille;Production;Personnel Production;0491586420;FormaABC;Steve DACOIN
MICA;Tony;MICA Tony;tmica;t.mica@Formation.local;Marseille;Production;Personnel Production;0491586421;FormaABC;Steve DACOIN
ADAM;Jean;ADAM Jean;jadam;j.adam@formation.local;Paris;Ventes;Commercial;0141263256;FormaABC;Tony DUCAS
DACOIN;Steve;DACOIN Steve;sdacoin;steve.dacoin@formation.fr;Marseille;Production;Personnel Production;0491325687;FormaABC;Bob DY
DUCAS;Tony;Tony DUCAS;tducas;tony.ducas@formation.local;Paris;Ventes;Commercial;0141263257;FormaABC;Astride Peil
